{
    "loss": 2.8651692867279053,
    "accuracy": 0.6043165326118469
}